model,variant,seed,n_prompts,ssr_macro,hsr,in_table_iv,source
gemma,baseline,-1,541,62.815773,50.64695,yes,eval/eval_all.json
gemma,da_half,42,541,77.387554,66.913124,yes,ifeval/check_ifeval_da_half_seed42.jsonl
gemma,da_half,43,541,78.342575,68.761553,yes,ifeval/check_ifeval_da_half_seed43.jsonl
gemma,da_half,44,541,77.356747,66.173752,yes,ifeval/check_ifeval_da_half_seed44.jsonl
gemma,grpo,42,541,79.605669,69.316081,yes,ifeval/check_ifeval_grpo_seed42.jsonl
gemma,grpo,43,541,77.818854,68.391867,yes,ifeval/check_ifeval_grpo_seed43.jsonl
gemma,grpo,44,541,78.927911,68.761553,yes,ifeval/check_ifeval_grpo_seed44.jsonl
gemma,grpo,45,541,81.115219,71.349353,yes,eval/check_ifeval_grpo_seed45.jsonl
gemma,grpo,46,541,80.961183,72.273567,yes,eval/check_ifeval_grpo_seed46.jsonl
gemma,tb_placebo,42,541,78.773876,68.946396,yes,ifeval/check_ifeval_tb_placebo_seed42.jsonl
gemma,tb_placebo,43,541,78.496611,69.500924,yes,eval/check_ifeval_tb_placebo_seed43.jsonl
gemma,tb_placebo,44,541,80.067776,70.240296,yes,eval/check_ifeval_tb_placebo_seed44.jsonl
gemma,tb_tie,42,541,81.238447,72.45841,yes,ifeval/check_ifeval_tb_tie_seed42.jsonl
gemma,tb_tie,43,541,80.12939,70.979667,yes,ifeval/check_ifeval_tb_tie_seed43.jsonl
gemma,tb_tie,44,541,81.823783,72.828096,yes,ifeval/check_ifeval_tb_tie_seed44.jsonl
gemma,tb_tie,45,541,79.667283,70.055453,yes,eval/check_ifeval_tb_tie_seed45.jsonl
gemma,tb_tie,46,541,79.69809,69.316081,yes,eval/check_ifeval_tb_tie_seed46.jsonl
gemma3_1b,baseline,-1,541,61.829945,48.243993,yes,eval/eval_all.json
gemma3_1b,da_half,42,541,69.993839,58.96488,yes,eval/check_ifeval_gemma3_1b_da_half_seed42.jsonl
gemma3_1b,da_half,43,541,70.209489,58.410351,yes,eval/check_ifeval_gemma3_1b_da_half_seed43.jsonl
gemma3_1b,da_half,44,541,69.65496,57.486137,yes,eval/check_ifeval_gemma3_1b_da_half_seed44.jsonl
gemma3_1b,grpo,42,541,69.22366,56.931608,yes,eval/check_ifeval_gemma3_1b_grpo_seed42.jsonl
gemma3_1b,grpo,43,541,69.932224,58.780037,yes,eval/check_ifeval_gemma3_1b_grpo_seed43.jsonl
gemma3_1b,grpo,44,541,69.22366,57.67098,yes,eval/check_ifeval_gemma3_1b_grpo_seed44.jsonl
gemma3_1b,grpo,45,541,70.609982,59.889094,yes,eval/check_ifeval_gemma3_1b_grpo_seed45.jsonl
gemma3_1b,grpo,46,541,68.422674,56.561922,yes,eval/check_ifeval_gemma3_1b_grpo_seed46.jsonl
gemma3_1b,tb_placebo,42,541,71.287739,59.334566,yes,eval/check_ifeval_gemma3_1b_tb_placebo_seed42.jsonl
gemma3_1b,tb_placebo,43,541,69.901417,57.855823,yes,eval/check_ifeval_gemma3_1b_tb_placebo_seed43.jsonl
gemma3_1b,tb_placebo,44,541,69.87061,57.67098,yes,eval/check_ifeval_gemma3_1b_tb_placebo_seed44.jsonl
gemma3_1b,tb_tie,42,541,71.626617,61.182994,yes,eval/check_ifeval_gemma3_1b_tb_tie_seed42.jsonl
gemma3_1b,tb_tie,43,541,69.531731,58.780037,yes,eval/check_ifeval_gemma3_1b_tb_tie_seed43.jsonl
gemma3_1b,tb_tie,44,541,70.94886,59.889094,yes,eval/check_ifeval_gemma3_1b_tb_tie_seed44.jsonl
gemma3_1b,tb_tie,45,541,71.934689,60.628466,yes,eval/check_ifeval_gemma3_1b_tb_tie_seed45.jsonl
gemma3_1b,tb_tie,46,541,69.593346,58.225508,yes,eval/check_ifeval_gemma3_1b_tb_tie_seed46.jsonl
llama,baseline,-1,541,72.273567,61.367837,yes,eval/eval_all.json
llama,da_half,42,541,77.32594,67.28281,yes,eval/check_ifeval_llama_da_half_seed42.jsonl
llama,da_half,43,541,78.034504,67.652495,yes,eval/check_ifeval_llama_da_half_seed43.jsonl
llama,da_half,44,541,77.726433,68.207024,yes,eval/check_ifeval_llama_da_half_seed44.jsonl
llama,grpo,42,541,77.449168,68.207024,yes,eval/check_ifeval_llama_grpo_seed42.jsonl
llama,grpo,43,541,76.802218,65.988909,yes,eval/check_ifeval_llama_grpo_seed43.jsonl
llama,grpo,44,541,78.434997,69.131238,yes,eval/check_ifeval_llama_grpo_seed44.jsonl
llama,grpo,45,541,77.264325,67.467652,yes,eval/check_ifeval_llama_grpo_seed45.jsonl
llama,grpo,46,541,78.373383,68.761553,yes,eval/check_ifeval_llama_grpo_seed46.jsonl
llama,tb_placebo,42,541,78.373383,68.207024,yes,eval/check_ifeval_llama_tb_placebo_seed42.jsonl
llama,tb_placebo,43,541,76.802218,66.728281,yes,eval/check_ifeval_llama_tb_placebo_seed43.jsonl
llama,tb_placebo,44,541,77.479975,66.543438,yes,eval/check_ifeval_llama_tb_placebo_seed44.jsonl
llama,tb_tie,42,541,77.418361,67.837338,yes,eval/check_ifeval_llama_tb_tie_seed42.jsonl
llama,tb_tie,43,541,76.740604,65.988909,yes,eval/check_ifeval_llama_tb_tie_seed43.jsonl
llama,tb_tie,44,541,78.219347,68.57671,yes,eval/check_ifeval_llama_tb_tie_seed44.jsonl
llama,tb_tie,45,541,77.634011,67.467652,yes,eval/check_ifeval_llama_tb_tie_seed45.jsonl
llama,tb_tie,46,541,78.126925,68.207024,yes,eval/check_ifeval_llama_tb_tie_seed46.jsonl
llama1b,baseline,-1,541,55.268022,43.438078,yes,eval/eval_all.json
llama1b,da_half,42,541,60.073937,47.504621,yes,eval/check_ifeval_llama1b_da_half_seed42.jsonl
llama1b,da_half,43,541,57.917437,45.101664,yes,eval/check_ifeval_llama1b_da_half_seed43.jsonl
llama1b,da_half,44,541,58.595194,46.210721,yes,eval/check_ifeval_llama1b_da_half_seed44.jsonl
llama1b,grpo,42,541,62.014787,50.64695,yes,eval/check_ifeval_llama1b_grpo_seed42.jsonl
llama1b,grpo,43,541,58.872458,46.580407,yes,eval/check_ifeval_llama1b_grpo_seed43.jsonl
llama1b,grpo,44,541,58.348737,45.841035,yes,eval/check_ifeval_llama1b_grpo_seed44.jsonl
llama1b,grpo,45,541,60.197166,48.613678,yes,eval/check_ifeval_llama1b_grpo_seed45.jsonl
llama1b,grpo,46,541,58.934073,47.319778,yes,eval/check_ifeval_llama1b_grpo_seed46.jsonl
llama1b,tb_placebo,42,541,60.227973,48.428835,yes,eval/check_ifeval_llama1b_tb_placebo_seed42.jsonl
llama1b,tb_placebo,43,541,60.597659,50.092421,yes,eval/check_ifeval_llama1b_tb_placebo_seed43.jsonl
llama1b,tb_placebo,44,541,58.287123,45.656192,yes,eval/check_ifeval_llama1b_tb_placebo_seed44.jsonl
llama1b,tb_tie,42,541,57.23968,45.656192,yes,eval/check_ifeval_llama1b_tb_tie_seed42.jsonl
llama1b,tb_tie,43,541,58.718423,46.025878,yes,eval/check_ifeval_llama1b_tb_tie_seed43.jsonl
llama1b,tb_tie,44,541,60.751694,48.983364,yes,eval/check_ifeval_llama1b_tb_tie_seed44.jsonl
llama1b,tb_tie,45,541,59.581023,46.76525,yes,eval/check_ifeval_llama1b_tb_tie_seed45.jsonl
llama1b,tb_tie,46,541,61.953173,49.907579,yes,eval/check_ifeval_llama1b_tb_tie_seed46.jsonl
gemma,baseline,-1,541,62.815773,50.64695,no,ifeval/check_ifeval_baseline.jsonl
gemma,da,42,541,78.003697,67.467652,no,ifeval/check_ifeval_da_seed42.jsonl
gemma,da,43,541,80.468269,70.240296,no,ifeval/check_ifeval_da_seed43.jsonl
gemma,da,44,541,80.098583,69.87061,no,ifeval/check_ifeval_da_seed44.jsonl
gemma,gemma_baseline,-1,541,62.692545,50.462107,no,eval/check_ifeval_gemma_baseline.jsonl
gemma,pt,42,541,71.81146,59.519409,no,ifeval/check_ifeval_pt_seed42.jsonl
gemma,pt,43,541,73.444239,61.367837,no,ifeval/check_ifeval_pt_seed43.jsonl
gemma,tb_prox,42,541,78.866297,68.946396,no,ifeval/check_ifeval_tb_prox_seed42.jsonl
gemma,tb_prox,43,541,77.75724,67.837338,no,ifeval/check_ifeval_tb_prox_seed43.jsonl
gemma,tb_prox,44,541,78.126925,68.391867,no,ifeval/check_ifeval_tb_prox_seed44.jsonl
gemma3_1b,baseline,-1,541,61.860752,47.504621,no,eval/check_ifeval_gemma3_1b_baseline.jsonl
gemma3_4b,baseline,-1,541,73.536661,63.955638,no,eval/check_ifeval_gemma3_4b_baseline.jsonl
gemma3_4b,grpo,42,541,79.05114,71.16451,no,eval/check_ifeval_gemma3_4b_grpo_seed42.jsonl
gemma3_4b,grpo,43,541,80.098583,72.088725,no,eval/check_ifeval_gemma3_4b_grpo_seed43.jsonl
gemma3_4b,grpo,44,541,79.05114,71.349353,no,eval/check_ifeval_gemma3_4b_grpo_seed44.jsonl
gemma3_4b,tb_tie,42,541,78.743068,70.609982,no,eval/check_ifeval_gemma3_4b_tb_tie_seed42.jsonl
gemma3_4b,tb_tie,43,541,79.605669,72.273567,no,eval/check_ifeval_gemma3_4b_tb_tie_seed43.jsonl
gemma3_4b,tb_tie,44,541,78.589033,71.16451,no,eval/check_ifeval_gemma3_4b_tb_tie_seed44.jsonl
llama,baseline,-1,541,74.337646,63.955638,no,eval/check_ifeval_llama_baseline.jsonl
llama1b,baseline,-1,541,56.315465,44.547135,no,eval/check_ifeval_llama1b_baseline.jsonl
qwen,baseline,-1,541,52.556993,39.74122,no,eval/check_ifeval_qwen_baseline.jsonl
qwen,da_half,42,541,60.844116,47.689464,no,eval/check_ifeval_qwen_da_half_seed42.jsonl
qwen,da_half,43,541,58.040665,45.101664,no,eval/check_ifeval_qwen_da_half_seed43.jsonl
qwen,da_half,44,541,60.720887,48.05915,no,eval/check_ifeval_qwen_da_half_seed44.jsonl
qwen,grpo,42,541,60.874923,48.243993,no,eval/check_ifeval_qwen_grpo_seed42.jsonl
qwen,grpo,43,541,60.597659,47.689464,no,eval/check_ifeval_qwen_grpo_seed43.jsonl
qwen,grpo,44,541,62.107209,49.168207,no,eval/check_ifeval_qwen_grpo_seed44.jsonl
qwen,tb_placebo,42,541,58.903266,45.841035,no,eval/check_ifeval_qwen_tb_placebo_seed42.jsonl
qwen,tb_placebo,43,541,62.63093,50.277264,no,eval/check_ifeval_qwen_tb_placebo_seed43.jsonl
qwen,tb_tie,42,541,60.320394,47.134935,no,eval/check_ifeval_qwen_tb_tie_seed42.jsonl
qwen,tb_tie,43,541,59.581023,45.656192,no,eval/check_ifeval_qwen_tb_tie_seed43.jsonl
qwen,tb_tie,44,541,59.981516,46.395564,no,eval/check_ifeval_qwen_tb_tie_seed44.jsonl
qwen3b,baseline,-1,541,71.133703,59.149723,no,eval/check_ifeval_qwen3b_baseline.jsonl
qwen3b,grpo,42,541,73.475046,62.476895,no,eval/check_ifeval_qwen3b_grpo_seed42.jsonl
qwen3b,grpo,43,541,71.59581,60.628466,no,eval/check_ifeval_qwen3b_grpo_seed43.jsonl
qwen3b,grpo,44,541,72.612446,61.922366,no,eval/check_ifeval_qwen3b_grpo_seed44.jsonl
qwen3b,tb_tie,42,541,72.396796,60.813309,no,eval/check_ifeval_qwen3b_tb_tie_seed42.jsonl
qwen3b,tb_tie,43,541,70.671596,58.96488,no,eval/check_ifeval_qwen3b_tb_tie_seed43.jsonl
qwen3b,tb_tie,44,541,71.81146,60.443623,no,eval/check_ifeval_qwen3b_tb_tie_seed44.jsonl
